-6.063750, 3.088750, 17.395000; -0.818345, -0.882951, 9.224331; 0.000013, -0.000017, -0.000136;
1.233750, 5.407500, 10.360000; -0.567099, -0.875773, 9.583255; 0.000013, -0.000017, -0.000136;
10.281250, 10.946250, 8.400000; -0.933201, -1.040878, 9.253045; 0.000013, -0.000017, -0.000136;
3.990000, 4.515000, 19.853750; -0.315853, -1.284946, 9.310472; 0.000014, -0.000018, -0.000135;
0.892500, 7.385000, 12.818750; -0.387637, -1.256232, 9.497113; 0.000014, -0.000018, -0.000135;
0.105000, 9.590000, 8.627500; -0.301496, -1.586441, 9.389436; 0.000014, -0.000018, -0.000135;
-6.116250, 7.140000, 7.542500; -0.358923, -1.514657, 9.224331; 0.000014, -0.000018, -0.000135;
-9.152500, 8.111250, 9.126250; -0.351745, -1.313660, 9.087940; 0.000014, -0.000019, -0.000134;
-7.918750, 6.667500, 12.101250; 0.035892, -1.277767, 9.619146; 0.000014, -0.000019, -0.000134;
-13.641250, 4.908750, -2.126250; -0.258425, -1.170090, 9.856036; 0.000014, -0.000019, -0.000134;
-5.897500, 0.525000, 5.608750; -0.689133, -0.825524, 9.669396; 0.000015, -0.000020, -0.000134;
3.596250, 6.667500, 0.096250; -0.646062, -1.119841, 9.360722; 0.000015, -0.000020, -0.000134;
-2.948750, 0.691250, 9.135000; -0.423530, -1.033699, 9.533005; 0.000015, -0.000020, -0.000134;
-0.665000, 8.855000, 2.695000; 0.028714, -1.148555, 9.382257; 0.000014, -0.000020, -0.000134;
-1.785000, 5.075000, 3.867500; -0.021535, -1.083949, 9.533005; 0.000014, -0.000020, -0.000134;
-1.146250, 4.147500, 2.397500; -0.251246, -1.048056, 9.382257; 0.000014, -0.000020, -0.000134;
0.700000, 6.492500, 3.841250; -0.430708, -1.249053, 9.238688; 0.000015, -0.000020, -0.000134;
-4.655000, 6.282500, 2.616250; -0.466600, -1.306481, 9.037691; 0.000015, -0.000020, -0.000134;
-8.855000, 4.891250, 6.615000; -0.308674, -1.004985, 9.611968; 0.000015, -0.000020, -0.000134;
-5.713750, 4.305000, 5.293750; -0.078963, -1.019342, 9.454042; 0.000015, -0.000020, -0.000134;
2.266250, 9.712500, 0.113750; -0.473779, -1.198804, 9.518648; 0.000015, -0.000020, -0.000134;
-6.387500, 4.025000, 4.970000; -0.136391, -1.313660, 9.403793; 0.000015, -0.000020, -0.000134;
-6.658750, 3.920000, 0.945000; 0.007178, -0.904487, 9.439685; 0.000015, -0.000020, -0.000134;
0.262500, 8.111250, 0.271250; -0.380459, -1.083949, 9.468399; 0.000015, -0.000021, -0.000134;
-2.441250, 5.678750, 4.812500; -0.272782, -1.119841, 9.482756; 0.000015, -0.000021, -0.000134;
-3.578750, 4.908750, 2.493750; -0.165105, -1.162912, 9.633504; 0.000015, -0.000021, -0.000134;
0.463750, 4.681250, -0.595000; -0.265603, -1.062413, 9.712467; 0.000015, -0.000021, -0.000134;
3.526250, 5.223750, -0.586250; -0.114855, -1.371087, 9.253045; 0.000015, -0.000021, -0.000134;
-0.376250, 5.757500, -2.362500; -0.287139, -1.442872, 9.209974; 0.000015, -0.000021, -0.000134;
-2.940000, 6.168750, -1.356250; -0.179462, -1.363909, 9.518648; 0.000015, -0.000020, -0.000133;
-3.368750, 4.200000, 0.122500; -0.215354, -1.191626, 9.504292; 0.000015, -0.000020, -0.000133;
-3.307500, 5.110000, 2.301250; -0.200997, -1.213161, 9.389436; 0.000015, -0.000020, -0.000133;
-5.188750, 3.526250, 2.108750; -0.143569, -1.134198, 9.561719; 0.000015, -0.000021, -0.000133;
1.128750, 6.256250, -0.787500; -0.200997, -1.270589, 9.504292; 0.000015, -0.000021, -0.000133;
-3.097500, 3.473750, 2.283750; -0.179462, -1.392623, 9.317652; 0.000015, -0.000021, -0.000133;
-1.793750, 6.396250, -1.023750; -0.279960, -1.335195, 9.403793; 0.000015, -0.000021, -0.000133;
-4.410000, 4.900000, 1.933750; -0.215354, -1.356730, 9.461221; 0.000016, -0.000019, -0.000133;
-2.835000, 5.293750, -1.242500; -0.186640, -1.213161, 9.432507; 0.000016, -0.000019, -0.000133;
-5.110000, 2.878750, 3.788750; -0.222532, -1.292124, 9.310472; 0.000016, -0.000019, -0.000133;
-1.881250, 5.136250, 2.240000; -0.251246, -1.241875, 9.647861; 0.000016, -0.000020, -0.000133;
-1.767500, 4.086250, 0.297500; -0.157926, -1.392623, 9.454042; 0.000016, -0.000020, -0.000133;
-6.912500, 0.927500, 3.141250; -0.394816, -1.320838, 9.389436; 0.000016, -0.000020, -0.000133;
-3.071250, 1.933750, 4.663750; -0.337388, -1.277767, 9.238688; 0.000015, -0.000020, -0.000133;
-5.757500, 5.512500, 1.881250; -0.437887, -1.141376, 9.403793; 0.000015, -0.000020, -0.000133;
-3.587500, 5.057500, 3.246250; -0.129212, -1.170090, 9.533005; 0.000015, -0.000020, -0.000133;
-1.461250, 5.180000, 0.735000; -0.172283, -1.177269, 9.482756; 0.000015, -0.000021, -0.000134;
-1.758750, 6.230000, -0.271250; -0.502493, -1.328017, 9.382257; 0.000015, -0.000021, -0.000134;
-4.488750, 2.441250, 5.678750; -0.200997, -1.205983, 9.554541; 0.000015, -0.000021, -0.000134;
1.102500, 6.273750, -3.001250; -0.208176, -1.306481, 9.439685; 0.000015, -0.000021, -0.000134;
-2.808750, 3.351250, -0.070000; -0.380459, -1.406980, 9.332007; 0.000015, -0.000021, -0.000134;
-1.583750, 4.917500, -0.393750; -0.287139, -1.284946, 9.360722; 0.000015, -0.000021, -0.000134;
-3.456250, 4.016250, 1.653750; -0.315853, -1.256232, 9.418150; 0.000015, -0.000021, -0.000134;
-1.618750, 4.838750, 0.542500; -0.358923, -1.205983, 9.475577; 0.000015, -0.000021, -0.000134;
-2.493750, 5.390000, -0.061250; -0.358923, -1.406980, 9.274580; 0.000015, -0.000021, -0.000134;
-3.228750, 4.707500, 2.283750; -0.373280, -1.406980, 9.353543; 0.000015, -0.000021, -0.000134;
-3.675000, 4.602500, 1.032500; -0.172283, -1.299303, 9.504292; 0.000015, -0.000021, -0.000134;
-1.706250, 4.550000, 1.802500; -0.244068, -1.371087, 9.396614; 0.000015, -0.000021, -0.000134;
-4.821250, 4.821250, -1.365000; -0.423530, -1.349552, 9.418150; 0.000015, -0.000021, -0.000134;
-4.261250, 3.202500, 1.933750; -0.409173, -1.170090, 9.454042; 0.000015, -0.000020, -0.000134;
-2.327500, 5.223750, 1.365000; --3.850000, 5.495000, -3.500000; -0.287139, -1.227518, 9.489935; 0.000015, -0.000020, -0.000134;
-2.047500, 4.725000, -0.752500; -0.272782, -1.306481, 9.418150; 0.000014, -0.000021, -0.000134;
-5.005000, 3.080000, 1.400000; -0.631705, -1.098306, 9.655039; 0.000014, -0.000021, -0.000134;
-2.161250, 2.590000, 0.901250; -0.595813, -1.155733, 9.454042; 0.000014, -0.000021, -0.000134;
-5.031250, 0.656250, 8.146250; -0.667598, -1.363909, 9.159724; 0.000014, -0.000020, -0.000134;
-8.190000, -1.706250, 11.952500; -0.423530, -1.098306, 9.583255; 0.000014, -0.000020, -0.000134;
-2.082500, 6.790000, -1.347500; -0.667598, -1.227518, 9.066404; 0.000014, -0.000020, -0.000134;
-1.443750, 6.343750, 3.045000; -0.918844, -1.485943, 9.217153; 0.000014, -0.000020, -0.000134;
-1.618750, 7.017500, 3.657500; -0.401994, -1.579263, 9.360722; 0.000014, -0.000020, -0.000134;
2.765000, 6.807500, -1.470000; -0.215354, -1.679762, 9.525826; 0.000014, -0.000020, -0.000134;
-1.767500, 0.542500, -1.268750; -0.768096, -1.421337, 9.633504; 0.000014, -0.000020, -0.000134;
3.395000, 3.867500, 1.531250; -0.272782, -1.730011, 9.396614; 0.000014, -0.000020, -0.000134;
-10.263750, 0.568750, -7.297500; 0.014357, -1.564906, 9.403793; 0.000014, -0.000020, -0.000134;
-8.023750, 6.562500, -5.381250; -0.969093, -1.543371, 9.375079; 0.000014, -0.000020, -0.000134;
-21.428751, -0.813750, 0.892500; -0.617348, -1.607977, 8.951550; 0.000014, -0.000021, -0.000134;
-12.302500, 6.711250, -0.463750; -1.105484, -1.615155, 9.224331; 0.000014, -0.000021, -0.000134;
-21.332500, 0.498750, -2.537500; -0.172283, -1.536192, 9.561719; 0.000014, -0.000021, -0.000134;
-7.971250, 7.411250, -16.607500; -0.466600, -0.337388, 10.092926; 0.000015, -0.000021, -0.000136;
30.441250, 25.462500, -29.373751; -0.014357, -0.681954, 9.504292; 0.000015, -0.000021, -0.000136;
-0.393750, 0.717500, -12.643750; -2.347359, -0.445065, 7.508677; 0.000015, -0.000021, -0.000136;
-14.262500, 11.261250, 9.861250; -0.452243, -0.811167, 8.714660; 0.000015, -0.000019, -0.000135;
-26.696251, 5.705000, 19.320000; -0.739382, -0.868595, 9.324830; 0.000015, -0.000019, -0.000135;
-9.511250, 6.291250, 1.741250; -0.179462, -0.746561, 9.777073; 0.000015, -0.000019, -0.000135;
-1.968750, 5.670000, -0.778750; -0.215354, -0.531207, 9.985249; 0.000015, -0.000019, -0.000135;
5.153750, 3.255000, -8.837500; -0.559920, -0.976272, 9.504292; 0.000015, -0.000022, -0.000136;
-0.787500, 0.953750, 0.673750; -0.387637, -0.803988, 9.669396; 0.000015, -0.000022, -0.000136;
-7.052500, 1.286250, 2.100000; -0.602991, -0.552742, 9.332007; 0.000015, -0.000022, -0.000136;
-4.628750, 1.128750, 5.320000; -0.646062, -0.775274, 9.439685; 0.000016, -0.000021, -0.000135;
1.662500, 1.977500, -4.733750; -0.531207, -0.811167, 9.518648; 0.000016, -0.000021, -0.000135;
-3.106250, 1.513750, 2.616250; -0.703490, -1.091127, 9.346365; 0.000016, -0.000021, -0.000135;
-1.373750, -2.817500, 23.887501; -1.155733, -0.825524, 9.217153; 0.000014, -0.000021, -0.000136;
-10.001250, -1.671250, 23.511250; -0.667598, -0.315853, 9.812965; 0.000014, -0.000021, -0.000136;
2.021250, -0.437500, 23.283751; -0.739382, -0.961915, 9.518648; 0.000014, -0.000021, -0.000136;
-0.778750, 2.476250, 20.702499; -1.055235, -1.091127, 9.181260; 0.000015, -0.000024, -0.000136;
2.493750, 6.973750, 20.754999; -0.624527, -0.890130, 9.274580; 0.000015, -0.000024, -0.000136;
-11.191250, -1.321250, 29.443750; -0.875773, -1.213161, 9.640682; 0.000015, -0.000024, -0.000136;
-8.697500, -0.533750, 33.722500; -0.868595, -0.746561, 9.224331; 0.000015, -0.000024, -0.000136;
-18.453751, 8.155000, 36.295002; -0.631705, -1.040878, 9.698110; 0.000015, -0.000026, -0.000137;
-9.502500, 3.928750, 34.273750; -0.617348, -0.552742, 9.224331; 0.000015, -0.000026, -0.000137;
-10.902500, 6.650000, 27.352501; -0.818345, -0.646062, 9.403793; 0.000015, -0.000026, -0.000137;
-9.555000, 7.743750, 25.287500; -0.689133, -0.488136, 9.425328; 0.000016, -0.000031, -0.000138;
-6.221250, 22.977501, 19.320000; -0.868595, -0.954736, 9.339187; 0.000016, -0.000031, -0.000138;
-12.092500, -6.081250, 29.750000; -0.667598, -0.538385, 9.655039; 0.000016, -0.000031, -0.000138;
-4.138750, 11.996250, 18.331249; -0.574277, -0.624527, 9.540184; 0.000016, -0.000033, -0.000137;
-7.043750, 0.253750, 27.825001; -0.732204, -0.581456, 9.540184; 0.000016, -0.000033, -0.000137;
-3.806250, 7.726250, 28.236250; -0.696311, -0.323031, 9.360722; 0.000016, -0.000033, -0.000137;
0.140000, 7.455000, 22.636250; -0.624527, -0.725025, 9.353543; 0.000016, -0.000037, -0.000136;
-1.811250, -3.736250, 29.872499; -0.631705, -0.143569, 9.396614; 0.000016, -0.000037, -0.000136;
1.233750, 14.411250, 15.566250; -0.610170, -0.538385, 9.590433; 0.000016, -0.000037, -0.000136;
-7.568750, 4.698750, 21.542500; -0.689133, -0.588634, 9.367901; 0.000016, -0.000037, -0.000136;
-12.608750, -1.662500, 19.915001; -0.574277, -0.602991, 9.389436; 0.000016, -0.000040, -0.000137;
-12.503750, 4.313750, 22.330000; -0.581456, -0.423530, 9.540184; 0.000016, -0.000040, -0.000137;
-10.727500, -3.911250, 27.299999; -0.344566, -0.401994, 9.475577; 0.000016, -0.000040, -0.000137;
-4.602500, 11.777500, 27.553751; -0.516850, -0.595813, 9.475577; 0.000015, -0.000043, -0.000137;
-2.660000, -5.871250, 31.246250; -0.696311, -0.308674, 9.683753; 0.000015, -0.000043, -0.000137;
-4.025000, 2.362500, 31.010000; -0.868595, -0.315853, 9.281759; 0.000015, -0.000043, -0.000137;
0.551250, 2.782500, 25.952499; -0.983450, -0.337388, 9.403793; 0.000014, -0.000046, -0.000137;
-8.190000, 5.346250, 24.771250; -0.832702, -0.366102, 9.317652; 0.000014, -0.000046, -0.000137;
-5.127500, -9.397500, 34.527500; -0.689133, -0.394816, 9.461221; 0.000014, -0.000046, -0.000137;
-8.592500, 9.056250, 31.911251; -1.105484, -0.294317, 9.410972; 0.000012, -0.000049, -0.000137;
-1.942500, 7.700000, 26.258751; -0.753739, -0.373280, 9.432507; 0.000012, -0.000049, -0.000137;
-8.382500, 11.392500, 20.090000; -1.048056, -0.394816, 9.640682; 0.000012, -0.000049, -0.000137;
-6.501250, -1.163750, 22.636250; -0.667598, -0.129212, 9.382257; 0.000012, -0.000049, -0.000137;
-11.243750, 8.443750, 26.293751; -1.105484, -0.272782, 9.597611; 0.000011, -0.000052, -0.000136;
0.463750, 2.073750, 32.445000; -0.610170, -0.380459, 9.367901; 0.000011, -0.000052, -0.000136;
-0.315000, -2.791250, 40.302502; -0.753739, 0.014357, 9.590433; 0.000011, -0.000052, -0.000136;
4.786250, -12.127500, 36.505001; -1.234696, -0.703490, 9.159724; 0.000008, -0.000054, -0.000136;
-2.677500, 18.777500, 25.628750; -0.969093, -0.445065, 9.209974; 0.000008, -0.000054, -0.000136;
-4.366250, 14.577500, 27.116251; -0.789631, -0.452243, 9.590433; 0.000008, -0.000054, -0.000136;
-4.103750, 0.323750, 32.751251; -0.839881, -0.545564, 9.152546; 0.000006, -0.000056, -0.000136;
-9.625000, 10.132500, 30.625000; -0.595813, -0.445065, 9.475577; 0.000006, -0.000056, -0.000136;
-6.125000, 6.737500, 33.862499; -1.055235, -0.251246, 9.360722; 0.000006, -0.000056, -0.000136;
-6.160000, -3.823750, 44.843750; -0.803988, -0.251246, 9.547362; 0.000003, -0.000057, -0.000135;
7.472500, 5.661250, 43.513752; -0.933201, -0.775274, 9.748360; 0.000003, -0.000057, -0.000135;
12.941250, 5.556250, 35.148750; -0.552742, -0.409173, 9.690931; 0.000003, -0.000057, -0.000135;
13.431250, -1.277500, 42.717499; -0.344566, -1.019342, 9.281759; -0.000001, -0.000057, -0.000135;
13.772500, -5.162500, 36.076252; -1.019342, -1.105484, 9.166903; -0.000001, -0.000057, -0.000135;
7.490000, 11.996250, 28.927500; -0.660419, -1.040878, 9.217153; -0.000001, -0.000057, -0.000135;
2.835000, 0.595000, 32.576252; -0.847059, -1.292124, 9.310472; -0.000001, -0.000057, -0.000135;
-3.298750, -7.341250, 28.463751; -0.710668, -1.478764, 9.317652; -0.000005, -0.000058, -0.000135;
-11.978750, 7.000000, 24.447500; -0.617348, -1.371087, 9.583255; -0.000005, -0.000058, -0.000135;
-6.133750, 11.637500, 29.995001; -0.796810, -1.485943, 8.779265; -0.000005, -0.000058, -0.000135;
2.940000, 2.082500, 19.110001; -0.725025, -1.227518, 9.554541; -0.000008, -0.000057, -0.000134;
-2.310000, 12.468750, 25.025000; -0.725025, -1.356730, 9.647861; -0.000008, -0.000057, -0.000134;
-2.082500, -1.995000, 26.661249; -0.638884, -1.421337, 9.382257; -0.000008, -0.000057, -0.000134;
-8.890000, 6.256250, 21.796249; -0.610170, -1.493121, 9.418150; -0.000010, -0.000057, -0.000133;
-1.933750, -5.775000, 23.213751; -0.488136, -1.313660, 9.497113; -0.000010, -0.000057, -0.000133;
-10.832500, 10.841250, 13.037500; -0.430708, -1.378266, 9.454042; -0.000010, -0.000057, -0.000133;
-5.670000, -5.958750, 12.433750; -0.588634, -1.378266, 9.446863; -0.000012, -0.000058, -0.000131;
-8.995000, 4.541250, 6.011250; -0.559920, -1.191626, 9.432507; -0.000012, -0.000058, -0.000131;
-8.417500, 3.473750, 12.232500; -0.423530, -1.033699, 9.432507; -0.000012, -0.000058, -0.000131;
-9.537500, 10.508750, 1.925000; -0.172283, -0.969093, 9.468399; -0.000012, -0.000058, -0.000131;
-6.195000, 11.287500, 2.257500; -0.222532, -1.119841, 9.590433; -0.000013, -0.000058, -0.000132;
-3.543750, 4.917500, 2.625000; -0.323031, -1.076770, 9.482756; -0.000013, -0.000058, -0.000132;
-3.692500, 5.705000, 0.857500; -0.380459, -1.062413, 9.568897; -0.000013, -0.000058, -0.000132;
-1.645000, 4.777500, -0.980000; -0.344566, -1.170090, 9.202796; -0.000013, -0.000058, -0.000130;
-3.360000, 5.127500, -1.706250; -0.409173, -0.990629, 9.497113; -0.000013, -0.000058, -0.000130;
-3.806250, 3.395000, -3.841250; -0.351745, -1.083949, 9.353543; -0.000013, -0.000058, -0.000130;
-6.265000, -0.201250, -7.096250; -0.308674, -1.119841, 9.403793; -0.000012, -0.000058, -0.000132;
-9.397500, 5.985000, -15.960000; -0.323031, -1.033699, 9.332007; -0.000012, -0.000058, -0.000132;
-8.443750, 1.198750, -18.873751; -0.574277, -0.947558, 9.389436; -0.000012, -0.000058, -0.000132;
-10.272500, 10.981250, -23.826250; -0.502493, -0.954736, 9.389436; -0.000012, -0.000059, -0.000131;
-1.960000, 2.581250, -27.221251; -0.452243, -0.581456, 9.511470; -0.000012, -0.000059, -0.000131;
-0.918750, 9.257500, -31.972500; -0.588634, -0.803988, 9.454042; -0.000012, -0.000059, -0.000131;
-3.211250, 13.168750, -52.657501; -0.552742, -1.055235, 9.288938; -0.000008, -0.000059, -0.000132;
-5.346250, 21.901251, -41.230000; -0.294317, -0.574277, 9.475577; -0.000008, -0.000059, -0.000132;
-1.881250, -5.293750, -36.583752; -0.272782, -0.796810, 9.511470; -0.000008, -0.000059, -0.000132;
-6.982500, 5.363750, -33.740002; -0.258425, -0.624527, 9.698110; -0.000008, -0.000059, -0.000132;
-6.107500, -12.941250, -32.908749; -1.012164, -0.681954, 9.533005; -0.000005, -0.000059, -0.000132;
-7.472500, 0.726250, -40.328751; -0.610170, -0.430708, 9.310472; -0.000005, -0.000059, -0.000132;
-9.003750, -2.800000, -29.758751; -0.646062, -0.387637, 9.253045; -0.000005, -0.000059, -0.000132;
-7.008750, -3.508750, -23.835001; -0.839881, -0.323031, 9.533005; -0.000002, -0.000059, -0.000133;
-5.442500, -4.445000, -17.272501; -1.141376, -0.495314, 9.360722; -0.000002, -0.000059, -0.000133;
0.218750, 2.038750, -22.373751; -1.062413, -0.236889, 9.518648; -0.000002, -0.000059, -0.000133;
-4.086250, 3.893750, -24.946251; -1.062413, -0.351745, 9.611968; 0.000001, -0.000059, -0.000134;
-6.930000, 2.161250, -40.906250; -1.105484, -0.373280, 9.540184; 0.000001, -0.000059, -0.000134;
-9.703750, 1.785000, -55.221249; -1.622334, 0.078963, 9.360722; 0.000001, -0.000059, -0.000134;
0.026250, 28.043751, -62.002499; -0.818345, -0.129212, 9.217153; 0.000004, -0.000056, -0.000135;
1.015000, 18.541250, -36.487499; -0.725025, -0.157926, 9.339187; 0.000004, -0.000056, -0.000135;
16.450001, 12.075000, -32.987499; -0.710668, -0.150748, 9.454042; 0.000004, -0.000056, -0.000135;
15.102500, -3.123750, -26.582500; -1.119841, -0.172283, 9.640682; 0.000004, -0.000056, -0.000135;
13.641250, 5.127500, -32.305000; -1.098306, -0.387637, 9.353543; 0.000008, -0.000053, -0.000136;
5.582500, 6.580000, -33.416248; -1.040878, -0.459422, 9.511470; 0.000008, -0.000053, -0.000136;
4.943750, -8.242500, -30.887501; -0.997807, -0.610170, 9.267402; 0.000008, -0.000053, -0.000136;
4.576250, 9.266250, -24.001249; -0.947558, -0.674776, 9.324830; 0.000011, -0.000049, -0.000137;
8.023750, 7.577500, -28.796249; -0.940379, -0.847059, 9.418150; 0.000011, -0.000049, -0.000137;
8.041250, 8.435000, -24.876249; -1.651048, -1.019342, 9.116654; 0.000011, -0.000049, -0.000137;
3.281250, 4.838750, -43.154999; -0.409173, -0.559920, 9.748360; 0.000012, -0.000045, -0.000137;
-6.221250, -9.791250, -25.514999; -1.177269, -0.861416, 9.454042; 0.000012, -0.000045, -0.000137;
0.892500, 2.502500, -32.532501; -1.012164, -1.055235, 9.583255; 0.000012, -0.000045, -0.000137;
5.967500, 19.932501, -24.674999; -1.500300, -0.897308, 9.080762; 0.000013, -0.000042, -0.000138;
2.861250, 15.312500, -24.132500; -0.854238, -0.854238, 9.403793; 0.000013, -0.000042, -0.000138;
-8.190000, -3.403750, -20.501249; -1.076770, -0.990629, 9.446863; 0.000013, -0.000042, -0.000138;
-10.561250, 6.300000, -24.858749; -1.141376, -1.048056, 9.281759; 0.000013, -0.000042, -0.000138;
-8.268750, 21.918751, -30.423750; -0.897308, -1.040878, 9.683753; 0.000014, -0.000040, -0.000137;
-8.898750, 40.993752, -25.305000; -0.897308, -1.529014, 8.958728; 0.000014, -0.000040, -0.000137;
8.575000, 9.073750, -40.389999; -0.681954, -0.524028, 9.396614; 0.000014, -0.000040, -0.000137;
10.456250, 13.055000, -33.661251; -0.466600, -0.660419, 9.777073; 0.000015, -0.000037, -0.000136;
-0.420000, 13.930000, -24.395000; -0.646062, -1.134198, 9.454042; 0.000015, -0.000037, -0.000136;
-4.838750, 14.778750, -24.867500; -0.538385, -0.897308, 9.497113; 0.000015, -0.000037, -0.000136;
-18.366251, 14.962500, -17.115000; -0.538385, -1.069592, 9.324830; 0.000016, -0.000033, -0.000134;
-22.400000, 8.610000, -9.415000; -0.803988, -0.818345, 9.166903; 0.000016, -0.000033, -0.000134;
-11.138750, 5.503750, -16.721251; -0.624527, -0.337388, 9.533005; 0.000016, -0.000033, -0.000134;
-12.661250, 10.027500, -10.535000; -0.315853, -0.502493, 9.626326; 0.000017, -0.000034, -0.000135;
-4.882500, 11.016250, -19.285000; -0.129212, -0.301496, 9.798609; 0.000017, -0.000034, -0.000135;
-1.697500, 11.690000, -12.381250; -0.380459, -0.409173, 9.296116; 0.000017, -0.000034, -0.000135;
3.360000, 0.061250, -6.825000; -0.265603, -0.380459, 9.432507; 0.000017, -0.000032, -0.000134;
4.410000, 10.762500, -2.380000; -0.323031, -0.538385, 9.576077; 0.000017, -0.000032, -0.000134;
3.570000, 3.132500, -1.951250; -0.200997, -0.516850, 9.568897; 0.000017, -0.000032, -0.000134;
5.670000, 9.563750, -4.567500; -0.272782, -0.473779, 9.181260; 0.000017, -0.000032, -0.000134;
-3.333750, 4.602500, -7.910000; -0.122034, -1.076770, 9.942178; 0.000016, -0.000031, -0.000134;
-5.635000, -4.357500, -6.168750; -0.466600, -0.739382, 9.123833; 0.000016, -0.000031, -0.000134;
-17.648750, -7.945000, -3.920000; -0.854238, -0.653241, 9.540184; 0.000016, -0.000031, -0.000134;
-29.268749, -7.201250, -10.176250; -0.882951, -0.401994, 9.705288; 0.000016, -0.000031, -0.000135;
-22.671249, -4.733750, -1.023750; -1.062413, -0.236889, 9.367901; 0.000016, -0.000031, -0.000135;
-39.182499, 0.875000, 7.446250; -0.940379, -0.028714, 9.231510; 0.000016, -0.000031, -0.000135;
-44.904999, -7.358750, 6.895000; -0.897308, 0.847059, 9.375079; 0.000014, -0.000034, -0.000136;
-48.763752, 11.287500, 2.108750; -1.019342, 0.681954, 9.008977; 0.000014, -0.000034, -0.000136;
-50.505001, 4.121250, -6.851250; -0.746561, 1.945365, 9.647861; 0.000014, -0.000034, -0.000136;
-51.283749, 16.896250, 3.123750; -0.904487, 2.361716, 9.174082; 0.000016, -0.000039, -0.000135;
-47.608749, 3.500000, -1.732500; -0.768096, 2.648854, 9.310472; 0.000016, -0.000039, -0.000135;
-41.369999, 4.296250, 5.337500; -0.502493, 3.101098, 9.016155; 0.000016, -0.000039, -0.000135;
-31.430000, 11.733750, 0.717500; -0.768096, 3.108276, 8.836694; 0.000016, -0.000039, -0.000135;
-31.850000, 3.342500, 8.102500; -0.473779, 3.474378, 8.829515; 0.000016, -0.000042, -0.000133;
-31.001249, 8.977500, -7.665000; -0.279960, 4.019942, 8.334201; 0.000016, -0.000042, -0.000133;
-31.815001, 13.466250, -4.707500; -1.112663, 3.797409, 8.355737; 0.000016, -0.000042, -0.000133;
-33.459999, 13.317500, 4.795000; -0.287139, 4.558327, 8.327023; 0.000016, -0.000045, -0.000132;
-30.336250, 7.656250, -0.393750; -0.574277, 4.608576, 7.996813; 0.000016, -0.000045, -0.000132;
-26.398750, 6.772500, 1.260000; -0.215354, 5.218746, 7.889136; 0.000016, -0.000045, -0.000132;
-33.634998, 3.885000, 7.708750; -0.337388, 4.737789, 7.831708; 0.000017, -0.000048, -0.000130;
-47.608749, -5.565000, 8.662500; -0.150748, 6.338587, 7.558927; 0.000017, -0.000048, -0.000130;
-45.911251, 5.958750, -6.160000; -0.854238, 5.907879, 7.178468; 0.000017, -0.000048, -0.000130;
-42.271252, 1.452500, -7.761250; 0.014357, 6.044270, 7.393822; 0.000016, -0.000050, -0.000128;
-31.430000, 6.921250, -7.813750; -0.911665, 6.446264, 6.754938; 0.000016, -0.000050, -0.000128;
-17.482500, 6.658750, 2.187500; -0.437887, 6.905686, 6.783652; 0.000016, -0.000050, -0.000128;
-18.129999, 5.346250, -2.012500; -0.287139, 6.597012, 6.324230; 0.000016, -0.000052, -0.000127;
-22.085001, 4.348750, -0.236250; 0.100499, 6.783652, 6.051448; 0.000018, -0.000052, -0.000127;
-34.326252, 0.131250, 2.012500; -0.509671, 7.594819, 6.604190; 0.000018, -0.000052, -0.000127;
-35.507500, 6.571250, -4.830000; -0.473779, 7.436893, 5.950950; 0.000018, -0.000052, -0.000127;
-37.318748, -0.761250, -0.883750; -0.251246, 7.702496, 5.800202; 0.000015, -0.000053, -0.000124;
-37.931252, 4.987500, -3.631250; -0.294317, 7.616354, 5.161318; 0.000015, -0.000053, -0.000124;
-22.032499, 4.707500, 0.892500; -0.279960, 7.910672, 4.910072; 0.000015, -0.000053, -0.000124;
-19.538750, 7.577500, -5.600000; 0.064606, 7.810173, 5.096713; 0.000016, -0.000053, -0.000123;
-26.871250, -1.058750, 1.067500; -0.193819, 8.104490, 4.766502; 0.000016, -0.000053, -0.000123;
-32.847500, -0.280000, 2.257500; -0.215354, 8.477771, 4.536792; 0.000016, -0.000053, -0.000123;
-31.823750, 7.350000, -3.972500; -0.122034, 8.571091, 4.249653; 0.000016, -0.000055, -0.000122;
-34.973751, 8.828750, 0.735000; -0.480957, 8.441878, 3.897908; 0.000016, -0.000055, -0.000122;
-31.561251, 7.953750, 3.202500; 0.035892, 8.987442, 3.610769; 0.000016, -0.000055, -0.000122;
-28.236250, 6.256250, -0.218750; -0.480957, 8.786445, 3.359523; 0.000016, -0.000056, -0.000120;
-24.535000, 4.847500, 0.463750; 0.028714, 8.800801, 2.986243; 0.000016, -0.000056, -0.000120;
-23.896250, 6.965000, 0.962500; -0.244068, 8.800801, 2.663212; 0.000016, -0.000056, -0.000120;
-24.141251, 6.282500, 1.225000; -0.136391, 9.310472, 2.605784; 0.000016, -0.000056, -0.000120;
-20.588751, 5.845000, -0.078750; -0.323031, 8.987442, 2.498107; 0.000016, -0.000056, -0.000118;
-19.670000, 4.628750, 3.185000; -0.114855, 9.360722, 2.383251; 0.000016, -0.000056, -0.000118;
-17.841249, 5.696250, 3.718750; 0.021535, 9.145368, 2.167897; 0.000016, -0.000056, -0.000118;
-17.543751, 3.395000, 2.677500; -0.337388, 9.561719, 1.880759; 0.000016, -0.000057, -0.000117;
-20.151251, 5.906250, 1.163750; -0.179462, 9.231510, 1.909472; 0.000016, -0.000057, -0.000117;
-17.736250, 7.043750, 0.936250; -0.136391, 9.439685, 1.579263; 0.000016, -0.000057, -0.000117;
-15.828750, 3.692500, 1.715000; -0.265603, 9.611968, 1.442872; 0.000016, -0.000058, -0.000116;
-5.442500, 6.518750, 3.508750; -0.172283, 9.446863, 1.414158; 0.000016, -0.000058, -0.000116;
12.197500, 7.052500, 4.165000; -0.330209, 9.748360, 1.342373; 0.000016, -0.000058, -0.000116;
24.981251, 9.590000, 5.993750; -0.129212, 9.224331, 1.780260; 0.000015, -0.000057, -0.000116;
32.602501, 8.723750, 5.136250; -0.423530, 9.690931, 2.210968; 0.000015, -0.000057, -0.000116;
35.314999, 7.122500, 12.801250; -0.136391, 8.815159, 2.691925; 0.000015, -0.000057, -0.000116;
38.228748, 3.508750, 6.580000; -0.725025, 8.729017, 2.806781; 0.000015, -0.000057, -0.000116;
35.070000, 6.807500, 13.833750; -0.466600, 9.202796, 3.208775; 0.000016, -0.000057, -0.000120;
38.727501, 13.816250, 1.592500; -0.689133, 8.377272, 3.704089; 0.000016, -0.000057, -0.000120;
31.377501, 6.081250, 9.240000; -0.559920, 9.052048, 4.127619; 0.000016, -0.000057, -0.000120;
31.246250, 6.798750, 3.237500; -0.753739, 8.133204, 4.371687; 0.000016, -0.000056, -0.000123;
29.645000, 8.076250, 7.245000; -0.452243, 8.413164, 4.744967; 0.000016, -0.000056, -0.000123;
32.182499, 11.331250, 0.061250; -0.803988, 7.666604, 4.931607; 0.000016, -0.000056, -0.000123;
32.436249, 9.563750, 0.490000; -0.394816, 8.169096, 5.592026; 0.000016, -0.000054, -0.000125;
43.093750, -6.343750, 1.540000; -0.940379, 7.228717, 5.850451; 0.000016, -0.000054, -0.000125;
46.112499, 11.147500, 4.856250; -0.739382, 7.444071, 6.108876; 0.000016, -0.000054, -0.000125;
37.493752, 11.165000, -1.575000; -0.803988, 6.582655, 6.367301; 0.000015, -0.000052, -0.000128;
23.038750, 6.571250, 7.516250; -0.466600, 6.719046, 6.812366; 0.000015, -0.000052, -0.000128;
17.219999, 1.758750, 8.006250; -0.904487, 6.094519, 6.747760; 0.000015, -0.000052, -0.000128;
16.458750, 7.656250, 11.016250; -0.739382, 6.489335, 7.214360; 0.000015, -0.000052, -0.000128;
16.598749, 8.382500, -0.087500; -1.098306, 6.116054, 7.135397; 0.000015, -0.000051, -0.000129;
20.063749, 8.601250, 0.910000; -0.545564, 5.828916, 7.357930; 0.000015, -0.000051, -0.000129;
14.507500, 7.315000, -4.602500; -0.574277, 5.706882, 7.372286; 0.000015, -0.000051, -0.000129;
17.893749, 7.315000, 3.552500; -0.782453, 5.297709, 7.479964; 0.000016, -0.000050, -0.000131;
19.608749, 6.956250, 9.108750; -0.753739, 5.520242, 7.932207; 0.000016, -0.000050, -0.000131;
14.988750, 8.828750, 1.548750; -0.818345, 4.924428, 7.587640; 0.000016, -0.000050, -0.000131;
5.092500, 3.911250, 4.252500; -0.567099, 4.981857, 7.960920; 0.000016, -0.000048, -0.000131;
6.947500, 5.328750, -1.960000; -0.617348, 5.125426, 8.104490; 0.000016, -0.000048, -0.000131;
12.320000, 4.987500, 1.120000; -0.868595, 4.867001, 8.111669; 0.000016, -0.000048, -0.000131;
19.320000, 6.623750, -2.143750; -0.516850, 4.773681, 8.262417; 0.000015, -0.000047, -0.000132;
20.667500, 2.467500, 6.501250; -0.847059, 4.256831, 8.291130; 0.000015, -0.000047, -0.000132;
13.308750, 6.265000, 1.111250; -0.660419, 4.141976, 8.348557; 0.000015, -0.000047, -0.000132;
12.048750, 8.706250, -2.353750; -0.344566, 4.070191, 8.427521; 0.000015, -0.000047, -0.000132;
11.296250, 7.271250, -2.388750; -0.531207, 3.854837, 8.506484; 0.000016, -0.000045, -0.000132;
19.818750, 1.697500, 1.653750; -0.129212, 4.005585, 8.585447; 0.000016, -0.000045, -0.000132;
15.977500, 4.462500, -4.786250; -0.710668, 3.309274, 8.513662; 0.000016, -0.000045, -0.000132;
14.061250, -0.341250, -1.128750; -0.538385, 3.826123, 9.209974; 0.000014, -0.000043, -0.000134;
19.521250, 1.513750, 3.526250; -0.703490, 3.115455, 8.571091; 0.000014, -0.000043, -0.000134;
14.271250, 5.888750, -1.907500; -0.990629, 3.000600, 9.030513; 0.000014, -0.000043, -0.000134;
16.983749, 6.046250, 2.310000; -0.588634, 2.720639, 9.016155; 0.000016, -0.000041, -0.000134;
8.697500, 5.748750, -3.053750; -0.660419, 2.828316, 9.073584; 0.000016, -0.000041, -0.000134;
10.850000, 8.925000, -3.797500; -0.653241, 2.368894, 9.166903; 0.000016, -0.000041, -0.000134;
9.861250, 6.151250, -2.747500; -0.646062, 2.239682, 9.095119; 0.000016, -0.000039, -0.000135;
15.400000, 8.120000, 1.435000; -0.839881, 1.823331, 9.016155; 0.000016, -0.000039, -0.000135;
15.067500, 2.887500, 1.505000; -0.366102, 2.333002, 9.188438; 0.000016, -0.000039, -0.000135;
11.051250, 1.408750, -1.338750; -1.055235, 1.816152, 9.576077; 0.000016, -0.000039, -0.000135;
11.471250, -0.455000, -0.525000; -0.538385, 1.816152, 9.403793; 0.000016, -0.000037, -0.000136;
7.332500, 4.445000, 0.918750; -0.775274, 1.177269, 9.159724; 0.000016, -0.000037, -0.000136;
10.911250, 2.091250, 1.916250; -0.631705, 1.493121, 9.044869; 0.000016, -0.000037, -0.000136;
5.407500, 7.953750, 0.525000; -0.825524, 1.234696, 9.231510; 0.000016, -0.000035, -0.000136;
4.838750, 4.611250, -2.660000; -0.890130, 1.241875, 9.353543; 0.000016, -0.000035, -0.000136;
7.603750, 4.917500, -7.061250; -0.775274, 1.155733, 9.439685; 0.000016, -0.000035, -0.000136;
10.132500, -0.560000, -1.461250; -0.947558, 0.861416, 9.432507; 0.000015, -0.000035, -0.000136;
14.813750, 2.196250, -0.875000; -0.610170, 0.954736, 9.446863; 0.000015, -0.000035, -0.000136;
14.157500, 7.927500, -0.901250; -1.299303, 0.617348, 9.116654; 0.000015, -0.000035, -0.000136;
16.835001, -0.848750, 4.672500; -0.954736, 0.480957, 9.863214; 0.000015, -0.000032, -0.000137;
20.151251, 4.042500, 6.046250; -0.818345, 0.157926, 9.597611; 0.000015, -0.000032, -0.000137;
16.292500, 0.840000, 4.278750; -0.961915, 0.000000, 9.489935; 0.000015, -0.000032, -0.000137;
18.094999, 17.254999, -1.802500; -0.696311, -0.480957, 9.425328; 0.000015, -0.000032, -0.000136;
17.587500, 9.467500, 2.458750; -1.177269, -0.229711, 9.475577; 0.000014, -0.000029, -0.000136;
18.987499, 4.313750, 4.086250; -0.624527, -0.581456, 9.389436; 0.000014, -0.000029, -0.000136;
17.928751, 9.038750, -2.782500; -0.739382, -0.775274, 9.181260; 0.000014, -0.000029, -0.000136;
8.627500, 2.117500, -0.525000; -0.839881, -1.048056, 9.626326; 0.000015, -0.000028, -0.000136;
16.598749, 1.881250, 1.155000; -0.509671, -1.485943, 9.260223; 0.000015, -0.000028, -0.000136;
9.940000, 1.802500, -3.990000; -1.012164, -1.270589, 9.339187; 0.000015, -0.000028, -0.000136;
15.706250, 3.150000, 3.701250; -0.811167, -1.737189, 9.461221; 0.000015, -0.000024, -0.000137;
16.642500, -5.477500, 8.960000; -0.926022, -1.844866, 9.511470; 0.000015, -0.000024, -0.000137;
18.322500, 6.702500, 3.911250; -1.205983, -2.045863, 9.116654; 0.000015, -0.000024, -0.000137;
17.342501, 9.248750, -3.228750; -0.983450, -2.232503, 9.224331; 0.000015, -0.000023, -0.000136;
22.382500, 15.111250, -1.391250; -1.040878, -2.110470, 9.044869; 0.000015, -0.000023, -0.000136;
17.911249, 16.021250, -7.148750; -0.667598, -2.799603, 9.202796; 0.000015, -0.000023, -0.000136;
22.023750, 5.976250, -0.647500; -0.624527, -2.914458, 9.360722; 0.000015, -0.000021, -0.000134;
19.932501, 13.440001, -1.557500; -0.524028, -3.431308, 9.109476; 0.000015, -0.000021, -0.000134;
23.275000, 4.550000, 2.126250; -0.480957, -3.345166, 9.016155; 0.000015, -0.000021, -0.000134;
21.656250, 6.203750, -0.866250; -0.617348, -3.696911, 8.908479; 0.000015, -0.000021, -0.000134;
25.235001, 6.877500, 0.315000; -0.588634, -3.926622, 8.693124; 0.000016, -0.000018, -0.000133;
33.652500, 4.865000, 3.395000; -0.775274, -4.314259, 8.413164; 0.000016, -0.000018, -0.000133;
24.893749, 18.278749, -0.192500; -0.409173, -4.608576, 8.707481; 0.000016, -0.000018, -0.000133;
27.895000, 6.562500, -1.443750; -0.358923, -4.752146, 8.118847; 0.000016, -0.000014, -0.000131;
26.670000, 8.321250, -1.207500; -0.351745, -5.505885, 7.932207; 0.000016, -0.000014, -0.000131;
21.621250, 3.622500, -2.248750; -0.602991, -5.326423, 7.831708; 0.000016, -0.000014, -0.000131;
20.221251, 9.152500, 0.673750; -0.265603, -5.541777, 7.759924; 0.000016, -0.000012, -0.000128;
21.367500, 4.217500, -2.345000; -0.265603, -5.828916, 7.659425; 0.000016, -0.000012, -0.000128;
20.991251, 7.315000, -2.283750; -0.473779, -5.907879, 7.479964; 0.000016, -0.000012, -0.000128;
22.986250, 6.107500, -0.752500; -0.387637, -6.360123, 7.465607; 0.000015, -0.000010, -0.000127;
20.719999, 7.358750, -0.420000; -0.452243, -6.374480, 7.235895; 0.000015, -0.000010, -0.000127;
19.748751, 6.466250, -0.262500; -0.445065, -6.697510, 7.049255; 0.000015, -0.000010, -0.000127;
22.146250, 8.951250, 0.752500; -0.279960, -6.711867, 6.963114; 0.000015, -0.000010, -0.000127;
15.881250, 5.145000, 0.796250; -0.567099, -6.855436, 6.747760; 0.000015, -0.000008, -0.000124;
13.763750, 6.545000, -1.102500; -0.502493, -7.286145, 6.539584; 0.000015, -0.000008, -0.000124;
8.557500, 6.212500, 3.263750; -0.430708, -7.566105, 6.374480; 0.000015, -0.000008, -0.000124;
15.347500, -1.155000, 0.805000; -0.251246, -7.350751, 6.309873; 0.000016, -0.000006, -0.000123;
11.821250, 8.251250, 0.498750; -0.401994, -7.551748, 6.101698; 0.000016, -0.000006, -0.000123;
9.380000, 5.127500, 0.621250; -0.516850, -7.609176, 5.886343; 0.000016, -0.000006, -0.000123;
4.418750, 6.230000, 0.971250; -0.416351, -7.659425, 5.965307; 0.000016, -0.000006, -0.000122;
-1.951250, 2.835000, 0.175000; -0.480957, -7.824530, 5.857630; 0.000016, -0.000006, -0.000122;
-9.791250, 2.852500, 0.673750; -0.416351, -7.817351, 5.936593; 0.000016, -0.000006, -0.000122;
-10.272500, 3.456250, 1.216250; -0.473779, -7.537391, 5.979664; 0.000017, -0.000006, -0.000121;
-10.482500, 2.170000, 0.953750; -0.473779, -7.659425, 5.958128; 0.000017, -0.000006, -0.000121;
-21.647501, 1.785000, 0.210000; -0.610170, -7.580462, 6.230910; 0.000017, -0.000006, -0.000121;
-52.237499, -0.901250, -0.717500; -0.811167, -7.314858, 6.245267; 0.000017, -0.000006, -0.000121;
-67.593750, -1.487500, -1.330000; -0.545564, -6.783652, 6.704689; 0.000017, -0.000007, -0.000124;
-63.796249, -9.695000, -0.332500; -0.732204, -6.015556, 6.905686; 0.000017, -0.000007, -0.000124;
-61.215000, -7.945000, -4.427500; -0.911665, -5.886343, 7.451250; 0.000017, -0.000007, -0.000124;
-66.141251, -10.876250, -6.868750; -1.004985, -5.261817, 8.341379; 0.000015, -0.000011, -0.000129;
-63.192501, -2.905000, -4.025000; -1.155733, -4.508078, 8.262417; 0.000015, -0.000011, -0.000129;
-52.438751, 1.995000, -4.847500; -1.155733, -3.998407, 8.815159; 0.000015, -0.000011, -0.000129;
-38.928749, -0.078750, -4.095000; -1.313660, -3.589234, 8.908479; 0.000015, -0.000016, -0.000134;
-28.910000, 3.928750, -4.917500; -1.457229, -3.108276, 8.937193; 0.000015, -0.000016, -0.000134;
-29.155001, 7.603750, -2.467500; -1.859223, -2.878566, 8.298309; 0.000015, -0.000016, -0.000134;
-38.473751, 10.858750, 2.275000; -1.069592, -2.734996, 9.260223; 0.000014, -0.000018, -0.000136;
-36.295002, 12.748750, 6.063750; -1.363909, -2.139184, 9.109476; 0.000014, -0.000018, -0.000136;
-35.595001, 3.438750, 1.513750; -1.184447, -2.189433, 9.454042; 0.000014, -0.000018, -0.000136;
-32.173752, 1.478750, 4.742500; -1.177269, -1.579263, 9.468399; 0.000015, -0.000022, -0.000137;
-21.892500, -1.312500, -0.376250; -1.213161, -1.701297, 9.432507; 0.000015, -0.000022, -0.000137;
-18.182501, -3.841250, 1.566250; -1.543371, -1.241875, 9.080762; 0.000015, -0.000022, -0.000137;
-20.676250, -1.443750, 1.995000; -1.091127, -1.141376, 9.475577; 0.000015, -0.000022, -0.000137;
-21.577499, -3.202500, 4.191250; -1.442872, -0.646062, 9.418150; 0.000013, -0.000024, -0.000138;
-17.666250, 2.800000, 0.113750; -1.521835, -0.875773, 9.482756; 0.000013, -0.000024, -0.000138;
-12.355000, 0.962500, 3.132500; -1.651048, -0.617348, 9.489935; 0.000013, -0.000024, -0.000138;
-18.217501, 7.070000, 2.835000; -1.600798, -0.567099, 9.281759; 0.000014, -0.000026, -0.000139;
-23.266251, 3.430000, 3.482500; -1.385444, -0.057428, 9.382257; 0.000014, -0.000026, -0.000139;
-19.267500, 1.951250, 0.857500; -1.428515, -0.200997, 9.568897; 0.000014, -0.000026, -0.000139;
-7.078750, -0.472500, 1.111250; -1.586441, 0.028714, 9.561719; 0.000012, -0.000028, -0.000139;
5.862500, 5.022500, -0.035000; -1.406980, -0.043071, 9.511470; 0.000012, -0.000028, -0.000139;
0.358750, 0.026250, 0.411250; -1.801795, -0.165105, 9.432507; 0.000012, -0.000028, -0.000139;
1.513750, 1.811250, 5.136250; -1.744368, -0.301496, 9.611968; 0.000011, -0.000027, -0.000139;
-3.885000, 18.655001, 0.262500; -1.744368, -0.330209, 9.518648; 0.000011, -0.000027, -0.000139;
0.735000, 58.485001, 4.506250; -1.263410, -0.473779, 9.970891; 0.000011, -0.000027, -0.000139;
-1.566250, 31.806250, 0.647500; -0.725025, -0.136391, 9.332007; 0.000011, -0.000027, -0.000139;
-6.492500, 46.716251, 0.376250; -0.739382, -0.086142, 9.202796; 0.000014, -0.000026, -0.000136;
-1.627500, 26.022501, -5.538750; -0.272782, -0.323031, 9.382257; 0.000014, -0.000026, -0.000136;
7.026250, 40.424999, -1.566250; 0.308674, -0.430708, 9.432507; 0.000014, -0.000026, -0.000136;
17.465000, 68.066254, -8.452500; 0.035892, -0.567099, 9.288938; 0.000018, -0.000026, -0.000133;
12.810000, 30.546249, -0.131250; 1.557727, -0.538385, 9.640682; 0.000018, -0.000026, -0.000133;
1.890000, 38.307499, -3.675000; 1.485943, -0.760918, 9.489935; 0.000018, -0.000026, -0.000133;
-2.590000, 31.255001, -3.920000; 1.205983, -1.076770, 9.166903; 0.000020, -0.000025, -0.000128;
-7.437500, 61.355000, -0.070000; 1.902294, -0.775274, 8.865408; 0.000020, -0.000025, -0.000128;
-9.266250, 13.125000, 4.733750; 2.849852, -0.602991, 8.886943; 0.000020, -0.000025, -0.000128;
-4.917500, 35.901249, 4.173750; 2.562713, -0.990629, 9.145368; 0.000022, -0.000024, -0.000125;
-6.273750, 3.088750, -3.710000; 2.648854, -0.818345, 8.937193; 0.000022, -0.000024, -0.000125;
-2.248750, 23.441250, -4.672500; 3.237489, -0.674776, 9.174082; 0.000022, -0.000024, -0.000125;
-0.140000, 30.808750, -2.502500; 2.555534, -0.775274, 8.549555; 0.000022, -0.000024, -0.000125;
1.242500, 38.596249, -7.796250; 3.754339, -0.789631, 8.951550; 0.000024, -0.000025, -0.000123;
-7.096250, 38.543751, -1.566250; 4.134798, -0.882951, 8.922835; 0.000024, -0.000025, -0.000123;
-3.228750, 50.889999, 3.368750; 3.876373, -0.674776, 8.693124; 0.000024, -0.000025, -0.000123;
-10.290000, 19.022501, -3.745000; 4.378865, -0.976272, 8.506484; 0.000025, -0.000025, -0.000119;
-0.612500, 33.057499, -4.401250; 4.551148, -0.739382, 8.097312; 0.000025, -0.000025, -0.000119;
7.078750, 39.261250, -7.271250; 3.704089, -1.564906, 7.795816; 0.000025, -0.000025, -0.000119;
1.855000, 31.911251, 0.726250; 5.261817, -0.882951, 7.968099; 0.000025, -0.000023, -0.000115;
3.596250, 32.908749, 9.721250; 6.051448, -0.574277, 7.810173; 0.000025, -0.000023, -0.000115;
-0.918750, 31.167500, 2.030000; 4.680361, -1.083949, 7.609176; 0.000025, -0.000023, -0.000115;
-6.851250, 25.322500, 3.587500; 6.582655, -0.595813, 7.422535; 0.000026, -0.000025, -0.000111;
-2.476250, 38.771252, 2.590000; 5.204389, -1.213161, 6.891329; 0.000026, -0.000025, -0.000111;
-1.898750, 19.398750, 0.980000; 5.929414, -1.234696, 7.099505; 0.000026, -0.000025, -0.000111;
-1.732500, 39.602501, 2.126250; 6.403193, -0.940379, 6.826723; 0.000026, -0.000025, -0.000111;
-7.673750, 21.463751, 9.021250; 6.331409, -0.969093, 6.747760; 0.000027, -0.000026, -0.000108;
-7.708750, 24.902500, -0.131250; 6.632905, -0.480957, 6.453443; 0.000027, -0.000026, -0.000108;
-8.198750, 27.055000, 3.010000; 6.453443, -0.926022, 6.446264; 0.000027, -0.000026, -0.000108;
-8.513750, 18.707500, 1.688750; 6.891329, -0.760918, 6.259624; 0.000027, -0.000026, -0.000105;
-3.360000, 28.761250, 1.855000; 7.070791, -0.703490, 6.130411; 0.000027, -0.000026, -0.000105;
-6.431250, 5.040000, 6.116250; 7.113862, -0.739382, 6.209374; 0.000027, -0.000026, -0.000105;
-4.453750, 12.696250, 0.822500; 7.501499, -0.545564, 6.044270; 0.000026, -0.000027, -0.000103;
-5.022500, 10.675000, 0.052500; 6.905686, -0.753739, 6.080163; 0.000026, -0.000027, -0.000103;
-5.547500, 23.082500, 3.018750; 7.264609, -0.495314, 5.728417; 0.000026, -0.000027, -0.000103;
-6.807500, 24.937500, 4.908750; 7.049255, -0.818345, 5.807381; 0.000026, -0.000027, -0.000101;
-2.537500, 16.511250, -8.890000; 7.580462, -0.624527, 5.563312; 0.000026, -0.000027, -0.000101;
-7.210000, 18.366251, -0.087500; 7.458428, -0.545564, 5.570491; 0.000026, -0.000027, -0.000101;
-9.275000, 17.018749, 2.817500; 7.946564, -0.602991, 5.484349; 0.000024, -0.000026, -0.000100;
-4.996250, 13.195000, 4.436250; 7.501499, -0.703490, 5.484349; 0.000024, -0.000026, -0.000100;
-3.071250, 6.860000, 2.415000; 7.831708, -0.631705, 5.333601; 0.000024, -0.000026, -0.000100;
-0.315000, 7.411250, 0.568750; 7.817351, -0.430708, 5.297709; 0.000024, -0.000026, -0.000100;
-3.045000, 9.476250, 2.100000; 7.716853, -0.473779, 5.233103; 0.000024, -0.000025, -0.000099;
-3.543750, 8.312500, 0.157500; 7.846066, -0.638884, 5.319244; 0.000024, -0.000025, -0.000099;
-4.147500, 2.633750, 3.386250; 7.709674, -0.552742, 5.211567; 0.000024, -0.000025, -0.000099;
-2.520000, 13.168750, 1.400000; 7.889136, -0.545564, 5.096713; 0.000024, -0.000026, -0.000099;
-2.178750, 5.923750, 2.441250; 7.544569, -0.445065, 5.168497; 0.000024, -0.000026, -0.000099;
-1.732500, 6.020000, -1.303750; 8.061419, -0.509671, 5.218746; 0.000024, -0.000026, -0.000099;
-2.773750, 5.460000, -1.583750; 7.587640, -0.488136, 5.197210; 0.000025, -0.000026, -0.000100;
-2.730000, 4.655000, -0.148750; 7.989635, -0.495314, 5.096713; 0.000025, -0.000026, -0.000100;
-3.762500, 5.258750, 1.172500; 7.767102, -0.559920, 5.075177; 0.000025, -0.000026, -0.000100;
-4.261250, 4.042500, 0.280000; 7.774281, -0.602991, 5.240282; 0.000024, -0.000027, -0.000099;
-3.062500, 5.013750, 0.455000; 7.831708, -0.581456, 5.168497; 0.000024, -0.000027, -0.000099;
-3.710000, 4.086250, -1.163750; 7.659425, -0.531207, 5.111069; 0.000024, -0.000027, -0.000099;
-3.692500, 3.088750, -2.283750; 8.047062, -0.480957, 5.082355; 0.000024, -0.000027, -0.000099;
-3.762500, 5.320000, 0.665000; 7.838887, -0.646062, 5.132605; 0.000023, -0.000026, -0.000100;
-2.038750, 5.687500, 0.297500; 7.781459, -0.631705, 5.175675; 0.000023, -0.000026, -0.000100;
-1.986250, 4.803750, 2.975000; 7.968099, -0.581456, 5.247460; 0.000023, -0.000026, -0.000100;
-1.575000, 2.940000, -1.312500; 7.767102, -0.631705, 5.146961; 0.000024, -0.000026, -0.000099;
-0.796250, 5.005000, -0.910000; 7.738389, -0.681954, 5.168497; 0.000024, -0.000026, -0.000099;
-0.647500, 5.407500, 0.586250; 8.003992, -0.617348, 5.247460; 0.000024, -0.000026, -0.000099;
-2.633750, 3.106250, -1.163750; 7.860422, -0.689133, 5.247460; 0.000024, -0.000027, -0.000099;
-5.145000, 2.642500, 0.848750; 7.652247, -0.559920, 5.161318; 0.000024, -0.000027, -0.000099;
-5.223750, 5.477500, 1.435000; 7.860422, -0.581456, 5.103890; 0.000024, -0.000027, -0.000099;
-3.718750, 4.261250, 3.771250; 7.975277, -0.581456, 5.190032; 0.000024, -0.000026, -0.000100;
-3.946250, -2.730000, 2.957500; 7.731210, -0.516850, 5.297709; 0.000024, -0.000026, -0.000100;
-5.241250, -0.061250, 1.181250; 7.795816, -0.581456, 5.412565; 0.000024, -0.000026, -0.000100;
-2.747500, -3.753750, 6.431250; 7.322037, -0.624527, 5.168497; 0.000024, -0.000026, -0.000100;
-3.316250, 4.348750, 0.691250; 7.795816, -0.466600, 5.426922; 0.000024, -0.000027, -0.000100;
-3.570000, -4.716250, -2.695000; 7.982456, -0.437887, 5.556134; 0.000024, -0.000027, -0.000100;
-3.316250, -13.798750, 6.501250; 7.716853, -0.538385, 5.620740; 0.000024, -0.000027, -0.000100;
-5.993750, -22.968750, 9.056250; 7.630711, -0.459422, 5.886343; 0.000025, -0.000027, -0.000101;
-5.258750, -21.638750, 8.006250; 7.063612, -0.265603, 5.907879; 0.000025, -0.000027, -0.000101;
-9.476250, -25.007500, 0.315000; 6.575476, -0.581456, 6.245267; 0.000025, -0.000027, -0.000101;
-7.052500, -16.572500, 0.927500; 6.884151, -0.028714, 6.238089; 0.000026, -0.000028, -0.000105;
-8.146250, -16.397501, 2.791250; 6.941578, -0.380459, 6.675975; 0.000026, -0.000028, -0.000105;
-9.397500, -17.281250, 6.886250; 6.604190, -0.043071, 6.783652; 0.000026, -0.000028, -0.000105;
-9.721250, -33.424999, 7.516250; 6.309873, -0.093320, 7.070791; 0.000026, -0.000027, -0.000109;
-6.361250, -30.108749, -0.472500; 5.915058, 0.000000, 7.243074; 0.000026, -0.000027, -0.000109;
-10.307500, -36.618752, 2.476250; 6.080163, 0.014357, 7.587640; 0.000026, -0.000027, -0.000109;
-7.280000, -31.167500, 2.695000; 5.577669, -0.021535, 7.889136; 0.000026, -0.000027, -0.000109;
-10.228750, -41.903751, 3.141250; 4.838287, 0.071785, 7.774281; 0.000025, -0.000026, -0.000114;
-10.718750, -24.465000, 6.098750; 4.816752, -0.028714, 8.327023; 0.000025, -0.000026, -0.000114;
-16.721251, -4.777500, 8.811250; 3.991228, 0.007178, 8.003992; 0.000025, -0.000026, -0.000114;
-17.316250, -22.434999, 7.813750; 4.177868, 0.732204, 8.054240; 0.000025, -0.000025, -0.000118;
-14.953750, -10.132500, 3.815000; 4.019942, 0.531207, 8.327023; 0.000025, -0.000025, -0.000118;
-12.127500, -23.651251, 4.707500; 4.113262, 0.746561, 8.463413; 0.000025, -0.000025, -0.000118;
-14.735000, -26.748751, 5.013750; 3.955336, 1.148555, 8.743374; 0.000024, -0.000027, -0.000122;
-3.928750, -13.081250, -0.192500; 3.309274, 0.818345, 8.779265; 0.000024, -0.000027, -0.000122;
-2.572500, -16.485001, 2.388750; 3.388237, 0.739382, 8.958728; 0.000024, -0.000027, -0.000122;
-0.892500, -14.927500, 2.082500; 2.813959, 0.746561, 8.772088; 0.000023, -0.000027, -0.000125;
-7.936250, -22.610001, 2.913750; 2.605784, 0.696311, 8.879765; 0.000023, -0.000027, -0.000125;
-7.586250, -9.555000, 3.902500; 2.605784, 0.997807, 8.707481; 0.000023, -0.000027, -0.000125;
-12.810000, -20.895000, 4.095000; 2.146362, 0.976272, 8.965906; 0.000023, -0.000027, -0.000125;
-15.706250, -11.698750, 7.463750; 2.304288, 1.134198, 8.980263; 0.000022, -0.000027, -0.000128;
-19.897501, -23.388750, 10.517500; 1.392623, 1.040878, 9.073584; 0.000022, -0.000027, -0.000128;
-19.215000, -20.728750, 8.391250; 1.378266, 1.406980, 9.195618; 0.000022, -0.000027, -0.000128;
-18.094999, -18.305000, 9.196250; 1.399801, 1.543371, 9.188438; 0.000019, -0.000029, -0.000130;
-17.237499, -21.883751, 8.102500; 1.098306, 1.909472, 9.066404; 0.000019, -0.000029, -0.000130;
-16.887501, -21.752501, 7.000000; 0.574277, 1.823331, 9.202796; 0.000019, -0.000029, -0.000130;
-19.276251, -13.186250, 7.743750; 0.437887, 2.096113, 9.123833; 0.000017, -0.000030, -0.000134;
-21.139999, -21.629999, 9.730000; 0.150748, 2.246861, 9.195618; 0.000017, -0.000030, -0.000134;
-19.355000, -4.707500, 5.880000; 0.064606, 2.598605, 8.973084; 0.000017, -0.000030, -0.000134;
-23.187500, -19.661249, 8.531250; -0.157926, 2.706282, 9.375079; 0.000016, -0.000033, -0.000135;
-25.471251, -3.053750, 10.788750; -0.244068, 2.935993, 8.657232; 0.000016, -0.000033, -0.000135;
-25.366251, -12.477500, 6.947500; -0.473779, 3.136991, 8.901300; 0.000016, -0.000033, -0.000135;
-27.230000, -9.388750, 5.731250; -0.581456, 3.395415, 8.750552; 0.000014, -0.000036, -0.000136;
-22.924999, -10.718750, 2.940000; -0.689133, 3.675375, 8.678768; 0.000014, -0.000036, -0.000136;
-21.936251, -6.081250, 3.027500; -0.940379, 3.610769, 8.528020; 0.000014, -0.000036, -0.000136;
-22.356251, -10.403750, 4.646250; -0.961915, 4.048656, 8.499306; 0.000014, -0.000036, -0.000136;
-19.407499, -10.438750, 4.593750; -1.112663, 4.149155, 8.441878; 0.000012, -0.000039, -0.000137;
-21.122499, -17.885000, 5.748750; -1.378266, 4.407579, 8.269595; 0.000012, -0.000039, -0.000137;
-18.690001, -11.707500, 4.838750; -1.715654, 4.378865, 8.025527; 0.000012, -0.000039, -0.000137;
-10.675000, -0.542500, 1.400000; -1.636691, 4.938786, 8.154739; 0.000011, -0.000041, -0.000138;
-14.122500, -5.722500, 6.361250; -1.859223, 4.615755, 7.831708; 0.000011, -0.000041, -0.000138;
-15.916250, -5.057500, 6.308750; -1.787438, 4.701897, 7.968099; 0.000011, -0.000041, -0.000138;
-18.620001, -7.927500, 5.372500; -2.060220, 4.910072, 7.903493; 0.000011, -0.000042, -0.000139;
-20.291250, -10.325000, 5.092500; -2.304288, 4.960321, 7.601997; 0.000011, -0.000042, -0.000139;
-14.953750, -6.125000, 0.568750; -2.139184, 5.190032, 7.716853; 0.000011, -0.000042, -0.000139;
-15.338750, -5.705000, 2.415000; -2.203790, 5.319244, 7.494320; 0.000009, -0.000044, -0.000139;
-18.795000, -5.538750, 3.683750; -2.347359, 5.297709, 7.357930; 0.000009, -0.000044, -0.000139;
-23.590000, -5.993750, 3.990000; -2.677569, 5.491528, 7.128218; 0.000009, -0.000044, -0.000139;
-22.820000, -6.168750, 4.725000; -2.720639, 5.706882, 7.149754; 0.000009, -0.000044, -0.000139;
-19.976250, 6.623750, -1.837500; -2.821138, 5.484349, 6.553941; 0.000008, -0.000046, -0.000139;
-7.245000, 7.796250, -0.472500; -2.892922, 5.994021, 7.034898; 0.000008, -0.000046, -0.000139;
-10.123750, -2.721250, 4.725000; -2.333002, 5.936593, 7.077969; 0.000008, -0.000046, -0.000139;
-14.813750, -8.330000, 8.356250; -2.821138, 6.137590, 6.769295; 0.000008, -0.000048, -0.000139;
-15.102500, -0.560000, 3.123750; -2.907279, 6.065805, 6.582655; 0.000008, -0.000048, -0.000139;
-16.021250, -5.897500, 4.690000; -3.151347, 6.230910, 6.324230; 0.000008, -0.000048, -0.000139;
-15.916250, -3.517500, 0.708750; -2.885744, 6.230910, 6.439085; 0.000007, -0.000049, -0.000139;
-18.156250, -6.947500, 3.561250; -3.043670, 6.331409, 6.252446; 0.000007, -0.000049, -0.000139;
-16.275000, -7.227500, 4.873750; -3.201596, 6.403193, 6.094519; 0.000007, -0.000049, -0.000139;
-5.958750, -5.967500, 9.546250; -3.287738, 6.611369, 6.080163; 0.000006, -0.000051, -0.000139;
4.340000, -5.696250, 9.948750; -3.538985, 6.446264, 6.022734; 0.000006, -0.000051, -0.000139;
-2.327500, -3.710000, 12.836250; -3.237489, 6.474978, 5.958128; 0.000006, -0.000051, -0.000139;
-3.762500, -6.982500, 13.580000; -3.768696, 6.288338, 6.015556; 0.000006, -0.000051, -0.000139;
-5.320000, -6.746250, 15.277500; -3.962514, 6.223732, 5.879165; 0.000004, -0.000051, -0.000140;
0.857500, -3.683750, 15.750000; -4.055834, 6.410372, 5.864808; 0.000004, -0.000051, -0.000140;
10.885000, -2.161250, 15.155000; -4.328616, 5.843273, 5.620740; 0.000004, -0.000051, -0.000140;
16.992500, -0.910000, 12.950000; -4.350152, 6.058627, 6.360123; 0.000002, -0.000050, -0.000141;
8.863750, -4.235000, 14.192500; -4.486542, 5.886343, 6.252446; 0.000002, -0.000050, -0.000141;
1.461250, -1.977500, 10.430000; -4.744967, 5.735596, 6.151947; 0.000002, -0.000050, -0.000141;
-0.052500, 1.207500, 5.731250; -4.888536, 5.757131, 6.137590; -0.000001, -0.000049, -0.000141;
2.248750, -0.166250, 5.783750; -4.723432, 5.419743, 6.180661; -0.000001, -0.000049, -0.000141;
2.581250, -1.575000, 7.131250; -4.989035, 5.505885, 6.216553; -0.000001, -0.000049, -0.000141;
6.492500, -1.636250, 8.601250; -5.010570, 5.304888, 6.116054; -0.000002, -0.000049, -0.000141;
12.853750, 6.571250, 2.467500; -5.190032, 5.362316, 6.015556; -0.000002, -0.000049, -0.000141;
28.341249, 23.773750, -6.090000; -5.082355, 4.974678, 6.051448; -0.000002, -0.000049, -0.000141;
27.510000, 9.651250, -0.157500; -4.400401, 4.730610, 7.070791; -0.000002, -0.000049, -0.000141;
12.171250, -0.157500, 7.997500; -4.795217, 4.601398, 6.898508; -0.000001, -0.000045, -0.000143;
10.990000, 1.881250, 6.571250; -4.938786, 4.651647, 6.934400; -0.000001, -0.000045, -0.000143;
6.291250, 2.913750, 3.421250; -5.204389, 4.630112, 7.128218; -0.000001, -0.000045, -0.000143;
4.208750, 2.660000, 1.111250; -4.938786, 4.357330, 7.042077; -0.000002, -0.000044, -0.000143;
1.496250, -0.428750, 0.813750; -5.017749, 4.350152, 6.999006; -0.000002, -0.000044, -0.000143;
6.002500, 0.157500, 2.248750; -5.060820, 4.185047, 6.862615; -0.000002, -0.000044, -0.000143;
8.881250, 4.025000, 2.397500; -5.139783, 4.019942, 6.927222; -0.000002, -0.000042, -0.000144;
12.136250, 15.680000, 0.105000; -4.989035, 4.012764, 7.128218; -0.000002, -0.000042, -0.000144;
12.862500, 0.743750, 3.088750; -5.082355, 3.826123, 7.156932; -0.000002, -0.000042, -0.000144;
11.856250, 3.990000, 4.471250; -4.845466, 3.754339, 7.307680; -0.000002, -0.000041, -0.000144;
8.872500, 6.098750, 3.850000; -4.981857, 3.625126, 7.192825; -0.000002, -0.000041, -0.000144;
10.430000, 8.522500, 0.507500; -5.067998, 3.546163, 7.558927; -0.000002, -0.000041, -0.000144;
12.547500, 13.510000, -0.297500; -4.788038, 3.510271, 7.601997; -0.000003, -0.000039, -0.000144;
14.000000, 3.045000, 0.315000; -4.795217, 3.237489, 7.630711; -0.000003, -0.000039, -0.000144;
11.488750, 3.421250, 1.303750; -4.744967, 2.900101, 7.695317; -0.000003, -0.000039, -0.000144;
19.687500, 6.343750, 0.682500; -4.831109, 3.115455, 7.874779; -0.000003, -0.000039, -0.000144;
15.505000, 4.585000, 4.663750; -5.010570, 2.749353, 8.305488; -0.000001, -0.000038, -0.000146;
10.596250, -2.747500, 3.552500; -5.132605, 1.988436, 7.429714; -0.000001, -0.000038, -0.000146;
10.552500, -6.405000, 5.678750; -5.175675, 0.911665, 6.762116; -0.000001, -0.000038, -0.000146;
15.190001, 7.306250, 2.738750; -4.917250, 2.167897, 7.716853; -0.000002, -0.000035, -0.000146;
18.278749, 11.165000, 1.601250; -5.060820, 2.254039, 7.716853; -0.000002, -0.000035, -0.000146;
22.636250, 1.207500, 5.328750; -5.326423, 1.952543, 7.953742; -0.000002, -0.000035, -0.000146;
27.886250, 5.258750, 3.115000; -5.118248, 1.485943, 7.896315; -0.000002, -0.000033, -0.000146;
30.642500, 12.075000, -1.452500; -5.168497, 1.184447, 8.348557; -0.000002, -0.000033, -0.000146;
35.551250, -13.536250, 6.938750; -5.283352, 0.739382, 8.312666; -0.000002, -0.000033, -0.000146;
30.537500, 4.786250, 4.436250; -5.376672, 0.445065, 7.925029; -0.000003, -0.000027, -0.000147;
30.764999, -1.863750, 2.957500; -5.297709, 0.043071, 7.896315; -0.000003, -0.000027, -0.000147;
29.837500, 1.365000, 2.205000; -5.405386, -0.043071, 7.925029; -0.000003, -0.000027, -0.000147;
26.809999, -7.735000, 3.491250; -5.419743, -0.430708, 8.054240; -0.000003, -0.000027, -0.000147;
28.236250, -1.225000, 3.193750; -5.670990, -0.674776, 7.881958; -0.000004, -0.000022, -0.000147;
28.700001, -4.147500, 5.433750; -5.405386, -0.947558, 7.817351; -0.000004, -0.000022, -0.000147;
29.347500, 6.991250, 2.205000; -5.527420, -1.328017, 7.759924; -0.000004, -0.000022, -0.000147;
24.080000, 2.415000, 5.241250; -5.778666, -1.564906, 7.745567; -0.000004, -0.000018, -0.000145;
23.511250, 7.218750, 3.937500; -5.635098, -1.866402, 7.788638; -0.000004, -0.000018, -0.000145;
20.020000, -1.741250, 2.485000; -5.613562, -2.002793, 7.544569; -0.000004, -0.000018, -0.000145;
26.818750, 15.443750, -0.035000; -5.706882, -2.584249, 7.616354; -0.000005, -0.000015, -0.000144;
30.283751, 10.666250, -0.061250; -5.563312, -2.505285, 7.472785; -0.000005, -0.000015, -0.000144;
37.922501, 10.123750, 1.067500; -5.505885, -2.928815, 7.566105; -0.000005, -0.000015, -0.000144;
32.086250, 5.153750, -0.166250; -5.283352, -3.208775, 7.515856; -0.000003, -0.000011, -0.000142;
33.389999, 0.341250, 2.747500; -5.656632, -3.797409, 7.092326; -0.000003, -0.000011, -0.000142;
24.263750, 9.100000, 4.620000; -5.534599, -3.940979, 7.264609; -0.000003, -0.000011, -0.000142;
20.588751, 12.005000, 5.346250; -5.254639, -3.811766, 7.077969; -0.000003, -0.000011, -0.000142;
18.182501, 13.133750, 0.875000; -5.218746, -4.307081, 6.776474; -0.000002, -0.000007, -0.000140;
25.357500, 14.481250, 4.663750; -5.046463, -4.228117, 6.632905; -0.000002, -0.000007, -0.000140;
21.761250, 18.585001, 7.210000; -5.455636, -4.967500, 6.754938; -0.000002, -0.000007, -0.000140;
19.809999, 20.055000, 9.817500; -4.666004, -4.788038, 6.776474; -0.000001, -0.000005, -0.000137;
13.300000, 18.934999, 9.843750; -4.594219, -5.513063, 7.099505; -0.000001, -0.000005, -0.000137;
11.462500, 7.621250, 5.258750; -4.859823, -5.261817, 6.611369; -0.000001, -0.000005, -0.000137;
14.525000, 11.978750, 6.142500; -4.529613, -5.513063, 6.697510; 0.000002, -0.000003, -0.000135;
19.013750, 18.059999, 8.093750; -4.543970, -5.469992, 6.252446; 0.000002, -0.000003, -0.000135;
12.836250, 14.691250, 8.093750; -4.421936, -5.922236, 6.589833; 0.000002, -0.000003, -0.000135;
18.602501, 9.450000, 1.942500; -4.414758, -6.130411, 6.424728; 0.000003, -0.000001, -0.000132;
11.786250, 9.047500, 4.646250; -4.299902, -6.374480, 6.510870; 0.000003, -0.000001, -0.000132;
18.392500, 15.400000, 6.483750; -4.012764, -6.460621, 6.245267; 0.000003, -0.000001, -0.000132;
23.091249, 10.386250, 7.700000; -4.113262, -6.510870, 5.986842; 0.000003, -0.000001, -0.000132;
19.530001, 10.526250, 7.603750; -3.732803, -6.582655, 5.864808; 0.000004, 0.000001, -0.000130;
18.541250, 11.961250, 8.303750; -3.919444, -6.697510, 5.929414; 0.000004, 0.000001, -0.000130;
16.590000, 11.007500, 9.266250; -3.632305, -7.164111, 5.728417; 0.000004, 0.000001, -0.000130;
12.302500, 29.172501, 13.378750; -3.818945, -6.848258, 5.448457; 0.000005, 0.000002, -0.000127;
20.895000, 10.185000, 9.450000; -2.864209, -7.709674, 5.419743; 0.000005, 0.000002, -0.000127;
25.270000, 12.512500, 12.993750; -3.330809, -7.774281, 5.520242; 0.000005, 0.000002, -0.000127;
21.726250, 5.398750, 16.257500; -3.244667, -7.731210, 5.556134; 0.000006, 0.000002, -0.000124;
3.176250, 13.798750, 16.896250; -3.395415, -7.731210, 4.967500; 0.000006, 0.000002, -0.000124;
-15.750000, 8.855000, 23.275000; -3.661018, -6.912865, 4.902894; 0.000006, 0.000002, -0.000124;
-28.936251, 18.322500, 23.590000; -2.282753, -8.126026, 5.168497; 0.000010, -0.000000, -0.000124;
-51.668751, 33.215000, 32.296249; -2.009971, -7.874779, 5.556134; 0.000010, -0.000000, -0.000124;
-27.711250, 23.485001, 25.786249; -1.105484, -7.271788, 6.439085; 0.000010, -0.000000, -0.000124;
-20.055000, 20.719999, 24.596251; -1.672583, -7.774281, 5.943771; 0.000014, -0.000004, -0.000125;
-17.578751, 36.575001, 25.821251; -1.083949, -7.286145, 6.080163; 0.000014, -0.000004, -0.000125;
-10.403750, 52.465000, 38.001251; -0.265603, -6.977471, 7.077969; 0.000014, -0.000004, -0.000125;
-24.517500, 24.561251, 27.991251; -0.373280, -7.113862, 6.151947; 0.000014, -0.000004, -0.000125;
-34.912498, 33.626251, 27.501249; 0.114855, -6.855436, 6.668797; 0.000017, -0.000007, -0.000123;
-29.032499, 8.933750, 13.405000; 0.868595, -6.654440, 7.178468; 0.000017, -0.000007, -0.000123;
-39.628750, 24.683750, 14.498750; 0.373280, -6.604190, 6.848258; 0.000017, -0.000007, -0.000123;
-33.031250, 11.287500, 20.352501; 1.220340, -6.230910, 7.523034; 0.000020, -0.000012, -0.000124;
-34.474998, 36.785000, 14.892500; 0.294317, -5.764309, 7.616354; 0.000020, -0.000012, -0.000124;
-55.545002, 3.316250, 17.797501; 1.493121, -5.642276, 7.968099; 0.000020, -0.000012, -0.000124;
-51.660000, 6.116250, 7.131250; 1.643869, -4.716253, 8.011170; 0.000020, -0.000015, -0.000125;
-48.457500, 0.148750, 4.620000; 1.256232, -4.723432, 8.255238; 0.000020, -0.000015, -0.000125;
-41.868752, -1.548750, 6.440000; 1.629512, -4.156333, 8.657232; 0.000020, -0.000015, -0.000125;
-34.991249, 4.068750, 0.726250; 1.012164, -3.818945, 8.405986; 0.000022, -0.000019, -0.000128;
-30.502501, -2.528750, -0.918750; 1.191626, -3.460021, 8.721838; 0.000022, -0.000019, -0.000128;
-29.207500, -1.146250, -4.558750; 1.371087, -3.431308, 8.980263; 0.000022, -0.000019, -0.000128;
-27.072500, -2.555000, -5.092500; 1.213161, -2.943172, 8.987442; 0.000022, -0.000019, -0.000128;
-24.132500, 1.198750, -2.896250; 1.177269, -2.455036, 8.915657; 0.000020, -0.000020, -0.000130;
-23.266251, -3.788750, -0.472500; 1.091127, -2.318645, 9.123833; 0.000020, -0.000020, -0.000130;
-21.131250, -3.570000, -1.951250; 0.947558, -2.333002, 9.238688; 0.000020, -0.000020, -0.000130;
-25.891251, -10.290000, 0.682500; 1.177269, -1.923829, 9.482756; 0.000020, -0.000022, -0.000131;
-18.751249, -3.543750, -5.048750; 0.588634, -1.959722, 9.145368; 0.000020, -0.000022, -0.000131;
-24.176250, -19.801250, -7.332500; 0.057428, -1.485943, 9.145368; 0.000020, -0.000022, -0.000131;
-17.587500, -12.862500, -8.356250; 0.588634, -1.493121, 9.518648; 0.000018, -0.000022, -0.000133;
-23.178751, -5.880000, -10.640000; -0.143569, -1.586441, 9.367901; 0.000018, -0.000022, -0.000133;
-18.716249, -1.968750, -3.780000; 0.344566, -0.904487, 9.324830; 0.000018, -0.000022, -0.000133;
-9.021250, 9.213750, -7.883750; -0.043071, -1.198804, 9.389436; 0.000016, -0.000023, -0.000134;
-13.361250, -7.717500, -8.531250; 0.071785, -0.854238, 9.777073; 0.000016, -0.000023, -0.000134;
-6.562500, -6.387500, -7.420000; -0.014357, -0.890130, 9.403793; 0.000016, -0.000023, -0.000134;
-3.727500, -13.247500, -3.675000; 0.000000, -0.868595, 9.891929; 0.000016, -0.000023, -0.000134;
-2.126250, -7.892500, -12.941250; -0.495314, -0.803988, 9.418150; 0.000015, -0.000023, -0.000136;
-2.143750, -5.197500, -7.323750; -0.631705, -0.825524, 9.418150; 0.000015, -0.000023, -0.000136;
-1.837500, -8.653750, -2.196250; -0.430708, -0.581456, 9.533005; 0.000015, -0.000023, -0.000136;
0.017500, 8.338750, -3.185000; -0.401994, -0.868595, 9.489935; 0.000014, -0.000022, -0.000136;
-4.095000, 5.547500, -5.722500; -0.725025, -0.760918, 9.446863; 0.000014, -0.000022, -0.000136;
-9.047500, -1.680000, -4.760000; -0.674776, -0.631705, 9.231510; 0.000014, -0.000022, -0.000136;
-14.420000, -22.898750, -1.216250; -1.091127, -1.356730, 8.843872; 0.000014, -0.000022, -0.000138;
-11.830000, 7.560000, -3.036250; -1.320838, -0.236889, 9.554541; 0.000014, -0.000022, -0.000138;
6.711250, 20.063749, -0.192500; -1.026521, -0.796810, 9.525826; 0.000014, -0.000022, -0.000138;
11.856250, 1.881250, -0.078750; -0.839881, -1.055235, 9.633504; 0.000013, -0.000021, -0.000137;
5.530000, -7.953750, 6.055000; -1.134198, -0.696311, 9.604790; 0.000013, -0.000021, -0.000137;
1.137500, 1.828750, -1.286250; -0.710668, -0.703490, 9.468399; 0.000013, -0.000021, -0.000137;
-4.025000, 12.801250, -4.305000; -1.249053, -0.796810, 9.698110; 0.000012, -0.000021, -0.000137;
-2.773750, 11.322500, 1.557500; -0.854238, -1.155733, 9.324830; 0.000012, -0.000021, -0.000137;
-4.585000, -0.901250, 3.815000; -0.990629, -1.134198, 9.683753; 0.000012, -0.000021, -0.000137;
-4.480000, -2.362500, 6.483750; -0.940379, -0.839881, 9.209974; 0.000012, -0.000021, -0.000137;
-5.293750, -3.263750, 4.077500; -0.394816, -0.660419, 9.533005; 0.000012, -0.000021, -0.000137;
-14.953750, 8.487500, -2.730000; -1.299303, -0.954736, 9.123833; 0.000012, -0.000021, -0.000137;
-10.088750, 1.811250, 2.362500; -0.997807, -0.961915, 9.296116; 0.000012, -0.000021, -0.000137;
-3.167500, 0.236250, 4.410000; -0.710668, -0.588634, 9.669396; 0.000012, -0.000021, -0.000137;
4.541250, -16.082500, -0.026250; -0.926022, -0.990629, 9.863214; 0.000012, -0.000021, -0.000137;
2.747500, -33.241249, 2.703750; -1.758725, -0.882951, 9.332007; 0.000012, -0.000021, -0.000137;
-0.043750, -7.131250, -3.158750; -1.722832, -0.904487, 9.296116; 0.000010, -0.000022, -0.000139;
-0.078750, 1.146250, -3.263750; -2.067399, -0.897308, 9.145368; 0.000010, -0.000022, -0.000139;
-0.805000, 8.872500, -0.490000; -1.758725, -0.875773, 9.231510; 0.000010, -0.000022, -0.000139;
-3.342500, 26.162500, -2.887500; -1.622334, -0.796810, 9.023335; 0.000010, -0.000021, -0.000139;
-1.330000, 34.457500, -4.068750; -1.701297, -0.358923, 10.315457; 0.000010, -0.000021, -0.000139;
-12.810000, 18.453751, -9.581250; -0.811167, -1.313660, 8.779265; 0.000010, -0.000021, -0.000139;
-18.567499, 5.985000, 4.742500; -0.631705, -0.653241, 10.164711; 0.000010, -0.000021, -0.000139;
-4.156250, 2.135000, 3.088750; -1.019342, -0.653241, 9.748360; 0.000011, -0.000022, -0.000138;
2.275000, 6.116250, 3.036250; -1.385444, -0.717847, 9.525826; 0.000011, -0.000022, -0.000138;
6.090000, 2.511250, -0.358750; -1.105484, -0.531207, 9.238688; 0.000011, -0.000022, -0.000138;
0.866250, 7.568750, 0.358750; -1.349552, -1.040878, 9.217153; 0.000012, -0.000020, -0.000137;
-0.122500, 1.750000, 4.033750; -1.127019, -1.048056, 9.353543; 0.000012, -0.000020, -0.000137;
-3.648750, 6.930000, 3.018750; -1.004985, -0.933201, 9.231510; 0.000012, -0.000020, -0.000137;
-11.725000, 4.602500, 0.586250; -1.406980, -0.739382, 9.418150; 0.000011, -0.000021, -0.000137;
-5.460000, 4.716250, -2.283750; -1.399801, -0.373280, 9.181260; 0.000011, -0.000021, -0.000137;
-1.898750, -0.148750, -0.726250; -0.976272, -1.091127, 9.303294; 0.000011, -0.000021, -0.000137;
2.773750, 4.515000, -9.572500; -1.651048, -0.559920, 9.533005; 0.000011, -0.000020, -0.000138;
-2.231250, -8.662500, -10.088750; -1.162912, -1.026521, 9.992428; 0.000011, -0.000020, -0.000138;
9.878750, 6.081250, -1.330000; -1.816152, -0.969093, 9.174082; 0.000011, -0.000020, -0.000138;
-7.630000, -22.645000, 8.347500; -1.686940, -0.789631, 8.779265; 0.000011, -0.000020, -0.000138;
1.155000, -38.981251, -2.292500; -1.852045, -0.775274, 9.461221; 0.000009, -0.000019, -0.000138;
8.680000, -25.628750, -0.805000; -2.742175, -0.882951, 8.922835; 0.000009, -0.000019, -0.000138;
-2.476250, -6.781250, -2.205000; -2.541178, -1.083949, 8.994620; 0.000009, -0.000019, -0.000138;
-10.648750, 26.512501, 5.617500; -2.476571, -1.292124, 9.554541; 0.000006, -0.000018, -0.000140;
-16.913750, 36.251251, 5.923750; -2.720639, -1.098306, 9.454042; 0.000006, -0.000018, -0.000140;
-8.172500, 33.687500, -4.068750; -2.397608, -0.832702, 9.145368; 0.000006, -0.000018, -0.000140;
-4.156250, 17.745001, -11.410000; -1.808974, -0.681954, 9.238688; 0.000010, -0.000019, -0.000139;
2.563750, 24.368750, -7.997500; -1.701297, -0.760918, 9.497113; 0.000010, -0.000019, -0.000139;
-1.645000, 29.006250, -5.031250; -1.414158, -0.775274, 9.619146; 0.000010, -0.000019, -0.000139;
-10.150000, 20.378750, -6.352500; -0.760918, -0.143569, 9.296116; 0.000012, -0.000019, -0.000138;
-7.052500, 31.736250, 4.453750; -1.277767, -0.567099, 9.353543; 0.000012, -0.000019, -0.000138;
-12.083750, 16.467501, -2.957500; -0.631705, -0.351745, 9.238688; 0.000012, -0.000019, -0.000138;
1.207500, 23.222500, 1.277500; -0.839881, -0.524028, 9.533005; 0.000014, -0.000020, -0.000137;
-4.375000, 17.491251, 3.788750; -0.581456, -0.696311, 9.482756; 0.000014, -0.000020, -0.000137;
-6.343750, 28.962500, 1.645000; -0.531207, -0.667598, 9.690931; 0.000014, -0.000020, -0.000137;
-10.491250, 13.702500, 1.391250; -0.064606, -0.409173, 9.030513; 0.000014, -0.000020, -0.000137;
-1.102500, 14.376250, 2.222500; -0.086142, -0.423530, 9.339187; 0.000015, -0.000021, -0.000136;
0.980000, 18.147501, 6.422500; -0.122034, -0.409173, 9.475577; 0.000015, -0.000021, -0.000136;
0.507500, 13.615000, -0.778750; -0.057428, -0.610170, 9.482756; 0.000015, -0.000021, -0.000136;
-5.136250, 6.842500, -11.060000; 0.272782, -0.588634, 9.540184; 0.000017, -0.000021, -0.000134;
-0.367500, -0.210000, -13.518750; -0.129212, -0.610170, 9.497113; 0.000017, -0.000021, -0.000134;
-3.123750, -6.947500, -24.298750; 0.143569, -0.588634, 9.159724; 0.000017, -0.000021, -0.000134;
3.806250, -3.745000, -15.452500; 0.035892, -0.538385, 9.561719; 0.000016, -0.000020, -0.000134;
-0.376250, -6.291250, -15.898750; -0.430708, -0.775274, 9.576077; 0.000016, -0.000020, -0.000134;
-1.330000, 0.166250, -7.673750; -0.150748, -0.782453, 9.497113; 0.000016, -0.000020, -0.000134;
-3.736250, 0.761250, -5.880000; -0.229711, -0.710668, 9.482756; 0.000014, -0.000018, -0.000135;
-4.217500, 3.395000, -3.211250; -0.157926, -0.681954, 9.396614; 0.000014, -0.000018, -0.000135;
-1.793750, 0.673750, -4.042500; -0.373280, -0.818345, 9.626326; 0.000014, -0.000018, -0.000135;
-5.048750, 3.071250, -2.642500; -0.437887, -0.768096, 9.339187; 0.000014, -0.000018, -0.000135;
-7.673750, 5.862500, -1.610000; -0.753739, -0.524028, 9.504292; 0.000013, -0.000017, -0.000135;
-5.687500, 5.390000, -3.998750; -0.229711, -0.445065, 9.382257; 0.000013, -0.000017, -0.000135;
-5.442500, 3.561250, 0.630000; -0.423530, -0.387637, 9.540184; 0.000013, -0.000017, -0.000135;
-2.458750, 5.022500, -1.356250; -0.416351, -0.595813, 9.683753; 0.000015, -0.000018, -0.000136;
-2.196250, 2.590000, -0.525000; -0.373280, -0.768096, 9.604790; 0.000015, -0.000018, -0.000136;
-5.722500, 2.966250, -1.723750; -0.545564, -0.602991, 9.418150; 0.000015, -0.000018, -0.000136;
-3.683750, 3.132500, -2.870000; -0.423530, -0.473779, 9.482756; 0.000014, -0.000017, -0.000135;
-5.040000, 2.555000, -2.117500; -0.380459, -0.315853, 9.288938; 0.000014, -0.000017, -0.000135;
-1.242500, 1.391250, -2.940000; -0.509671, -0.445065, 9.604790; 0.000014, -0.000017, -0.000135;
-4.252500, 4.558750, 1.006250; -0.358923, -0.473779, 9.418150; 0.000014, -0.000018, -0.000136;
-4.987500, 1.067500, -0.551250; -0.366102, -0.538385, 9.375079; 0.000014, -0.000018, -0.000136;
-2.791250, 4.567500, 0.560000; -0.703490, -0.445065, 9.554541; 0.000014, -0.000018, -0.000136;
-2.747500, 4.602500, 2.205000; -0.732204, -0.581456, 9.568897; 0.000014, -0.000018, -0.000136;
-8.636250, 4.611250, -0.402500; -0.811167, -0.430708, 9.554541; 0.000013, -0.000018, -0.000136;
-6.413750, 1.505000, -1.610000; -0.681954, -0.394816, 9.633504; 0.000013, -0.000018, -0.000136;
-10.106250, -0.428750, 1.172500; -0.602991, -0.294317, 9.547362; 0.000013, -0.000018, -0.000136;
-6.693750, -1.426250, 5.565000; -0.574277, -0.107677, 9.324830; 0.000014, -0.000019, -0.000136;
0.000000, -5.048750, 7.787500; -0.782453, -0.100499, 9.102297; 0.000014, -0.000019, -0.000136;
2.266250, -0.665000, 8.767500; -0.918844, -0.466600, 9.310472; 0.000014, -0.000019, -0.000136;
-4.812500, 3.500000, 5.355000; -0.897308, -0.488136, 9.439685; 0.000013, -0.000019, -0.000137;
-4.655000, 7.437500, 6.781250; -1.119841, -0.502493, 9.317652; 0.000013, -0.000019, -0.000137;
-7.070000, 9.940000, 0.175000; -1.148555, -0.416351, 9.482756; 0.000013, -0.000019, -0.000137;
-3.596250, 7.201250, -3.762500; -0.660419, -0.337388, 9.533005; 0.000013, -0.000020, -0.000137;
-5.565000, 10.657500, -2.555000; -0.725025, -0.229711, 9.583255; 0.000013, -0.000020, -0.000137;
-4.488750, 8.041250, -1.785000; -0.567099, -0.136391, 9.540184; 0.000013, -0.000020, -0.000137;
-3.902500, 6.553750, 0.901250; -0.825524, -0.165105, 9.497113; 0.000013, -0.000020, -0.000137;
-4.725000, 5.626250, 0.428750; -0.509671, -0.165105, 9.382257; 0.000013, -0.000019, -0.000137;
0.166250, 4.261250, 2.756250; -0.588634, -0.258425, 9.475577; 0.000013, -0.000019, -0.000137;
0.210000, 5.818750, 4.602500; -0.868595, -0.337388, 9.353543; 0.000013, -0.000019, -0.000137;
0.008750, 2.257500, -0.980000; -0.610170, -0.574277, 9.647861; 0.000014, -0.000019, -0.000137;
-4.952500, 6.475000, 3.132500; -0.782453, -0.344566, 9.317652; 0.000014, -0.000019, -0.000137;
-7.078750, 8.706250, 2.625000; -0.775274, -0.114855, 9.267402; 0.000014, -0.000019, -0.000137;
